speaker;joint_entry;mep_id;source_language;num_episodes;num_turns;num_sentences;name_variants;episodes
Linda McAvan;False;28368;it;13;13;126;Linda McAvan | Linda McAvan (PSE ),;ep-05-09-07, ep-06-03-14, ep-06-05-16, ep-06-11-14-007, ep-06-11-14-012, ep-07-03-12-022, ep-07-06-18-015, ep-07-07-09-016, ep-08-03-10-021, ep-09-04-02-006, ep-10-01-19-004, ep-10-03-08-015, ep-11-06-07-006
Manisco;False;2074;it;15;16;124;Manisco | Manisco (GUE/NGL).;ep-01-05-02, ep-01-07-05, ep-02-09-04, ep-02-09-25, ep-03-01-29, ep-96-12-10, ep-97-07-17, ep-97-11-19, ep-97-11-20, ep-98-01-13, ep-98-02-18, ep-98-05-14, ep-99-02-11, ep-99-09-15, ep-99-10-07
Bonino;False;1566;it;6;21;113;Bonino;ep-96-10-22, ep-97-06-10, ep-97-07-15, ep-98-03-31, ep-98-07-14, ep-99-01-12
Pino Arlacchi;False;97228;it;5;11;66;Pino Arlacchi;ep-09-12-16-009, ep-10-12-15-016, ep-11-03-09-011, ep-11-04-07-007, ep-11-06-08-007
Frassoni;False;4254;it;5;5;48;Frassoni | Frassoni (Verts/ALE ).;ep-01-06-12, ep-01-09-05, ep-04-03-09, ep-04-03-31, ep-04-05-04
Jas Gawronski;False;1113;it;4;4;25;Gawronski (PPE-DE ). | Gawronski (PPE-DE). | Jas Gawronski | Jas Gawronski (PPE-DE ). –;ep-02-11-06, ep-03-11-05, ep-06-07-06, ep-09-02-19-010
Antonio Tajani;False;2187;it;1;1;14;Antonio Tajani;ep-11-05-10-019
La Malfa;False;1010;it;1;1;11;La Malfa;ep-99-04-14
Lilli Gruber;False;28368;it;1;1;11;Lilli Gruber (PSE ). –;ep-06-02-15
Raffaele Baldassarre;False;96757;it;1;1;6;Raffaele Baldassarre;ep-10-04-19-016
Fatuzzo;False;4413;it;1;1;3;Fatuzzo;ep-01-11-14
Paolo Costa;False;4747;it;1;1;3;Costa, Paolo;ep-01-01-18
Roberto Gualtieri;False;96892;it;1;1;2;Roberto Gualtieri;ep-11-05-11-005-21
Chiesa;False;28973;it;1;1;1;Chiesa (ALDE ).;ep-04-10-14
Prodi;False;28370;it;1;1;1;Prodi (ALDE ).;ep-05-03-10
