speaker;session_id;num_turns;num_sentences
Johannes Hahn;ep-10-12-13-021;1;22
Johannes Hahn;ep-10-12-13-022;1;23
Johannes Hahn;ep-11-01-18-015;2;41
Johannes Hahn;ep-11-03-10-003;2;49
Johannes Hahn;ep-11-03-10-004;1;19
Johannes Hahn;ep-11-03-10-005;2;23
Johannes Hahn;ep-11-03-10-014-01;1;16
Johannes Hahn;ep-11-03-10-014-02;1;18
Johannes Hahn;ep-11-03-10-014-03;1;16
Erika Mann;ep-03-06-02;1;22
Erika Mann;ep-05-11-14;1;6
Erika Mann;ep-06-03-14;2;13
Erika Mann;ep-06-04-03;1;4
Erika Mann;ep-06-06-01;1;2
Erika Mann;ep-06-09-27;1;15
Erika Mann;ep-07-02-01-004;1;17
Franziska Katharina Brantner;ep-10-01-19-006;1;12
Franziska Katharina Brantner;ep-10-02-10-008;1;15
Franziska Katharina Brantner;ep-10-10-19-005;1;17
Franziska Katharina Brantner;ep-10-10-20-010;1;4
Franziska Katharina Brantner;ep-11-01-19-013;1;14
Franziska Katharina Brantner;ep-11-02-03-004;1;10
Alexander Alvaro;ep-05-01-13;1;1
Alexander Alvaro;ep-05-03-09;1;34
Alexander Alvaro;ep-05-04-11;1;13
Alexander Alvaro;ep-06-07-06;1;3
von Habsburg;ep-96-04-17;1;4
von Habsburg;ep-96-07-17;1;6
von Habsburg;ep-97-09-19;1;2
von Habsburg;ep-98-03-10;1;1
von Habsburg;ep-98-03-11;1;2
von Habsburg;ep-98-05-13;1;5
von Habsburg;ep-98-06-17;1;2
von Habsburg;ep-99-01-12;1;3
Sven Giegold;ep-09-09-16-004;1;7
Sven Giegold;ep-10-03-25-003;1;15
Bangemann;ep-97-02-18;2;11
Bangemann;ep-98-09-14;1;1
Bangemann;ep-98-09-15;1;2
Bangemann;ep-99-02-12;1;7
Tobias Pflüger;ep-05-06-23;1;6
Tobias Pflüger;ep-05-12-15;1;5
Tobias Pflüger;ep-07-06-27-006;1;10
Cem Özdemir;ep-05-05-10;1;6
Cem Özdemir;ep-06-04-06;1;14
Sabine Lösing;ep-09-11-24-005;1;9
Sabine Lösing;ep-10-03-10-008;1;3
Sabine Lösing;ep-10-10-21-008;1;3
Öger;ep-04-11-16;1;14
Ilka Schröder;ep-01-02-15;1;4
Ilka Schröder;ep-04-03-09;1;8
Goepel;ep-96-04-19;1;9
Jürgen Schröder;ep-06-05-17;1;9
Helmut Scholz;ep-09-11-11-023;1;8
Jutta Haug;ep-10-11-24-009;1;8
Kerstin Westphal;ep-10-06-15-008;1;7
Randzio-Plath;ep-03-12-17;1;7
Telkämper;ep-96-04-16;1;7
Peter Liese;ep-06-11-30-009;1;6
Roth-Behrendt;ep-02-01-16;1;6
Gesine Meissner;ep-11-02-15-009;1;5
Markov;ep-05-05-10;1;4
Helga Trüpel;ep-10-02-25-009;1;2
Jan Philipp Albrecht;ep-10-05-05-013-53;1;2
Pack;ep-01-12-13;2;2
Rothley;ep-97-07-15;1;1
Rothley;ep-98-05-11;1;1
Elisabeth Schroedter;ep-09-11-24-013;1;1
Gröner;ep-04-03-09;1;1
Hartmut Nassauer;ep-08-11-18-011;1;1
Jarzembowski;ep-01-01-17;1;1
Sabine Wils;ep-10-05-19-007;1;1
Werner Langen;ep-10-03-25-003;1;1
Wohlin;ep-04-10-28;1;1
Wolfgang Kreissl-Dörfler;ep-09-02-03-011;1;1
