corpus;file;speaker;joint_entry;mep_id;source_language;num_episodes;num_turns;num_sentences;name_variants;episodes
nonnatives;NN_France;Roche;False;97022;fr;9;54;1012;Roche,;ep-04-01-14, ep-04-01-28, ep-04-02-10, ep-04-03-10, ep-04-03-30, ep-04-03-31, ep-04-04-20, ep-04-04-21, ep-04-05-04
nonnatives;NN_France;Ari Vatanen;False;4256;fr;8;9;109;Ari Vatanen | Ari Vatanen (PPE-DE ). – | Ari Vatanen, | Vatanen | Vatanen (PPE-DE ). | Vatanen (PPE-DE).;ep-01-10-02, ep-03-09-02, ep-04-09-15, ep-05-12-15, ep-06-01-19, ep-06-04-06, ep-06-05-16, ep-09-02-18-019
nonnatives;NN_France;Cohn-Bendit;False;1934;fr;4;4;11;Cohn-Bendit | Cohn-Bendit (Verts/ALE ).;ep-02-01-16, ep-02-02-27, ep-03-11-05, ep-99-09-16
nonnatives;NN_France;Alain Lipietz;False;4384;fr;2;2;5;Alain Lipietz | Lipietz (Verts/ALE ).;ep-05-02-22, ep-08-05-07-011
nonnatives;NN_France;Jean-Luc Mélenchon;False;96742;fr;1;1;4;Jean-Luc Mélenchon;ep-09-11-24-005
nonnatives;NN_France;Pascal Canfin;False;96711;fr;1;1;2;Pascal Canfin;ep-09-10-08-008
nonnatives;NN_France;Alain Lamassoure;False;1204;fr;1;1;1;Alain Lamassoure;ep-10-12-15-006
nonnatives;NN_France;Bruno Gollnisch;False;1164;fr;1;1;1;Bruno Gollnisch;ep-09-10-22-009
nonnatives;NN_France;Catherine Trautmann;False;1129;fr;1;1;1;Catherine Trautmann;ep-09-12-16-003
nonnatives;NN_France;Karima Delli;False;96868;fr;1;1;1;Karima Delli;ep-10-12-16-005
nonnatives;NN_France;Marie Anne Isler Béguin;False;1833;fr;1;1;1;Marie Anne Isler Béguin;ep-08-03-13-009-01
nonnatives;NN_France;Philippe Juvin;False;96884;fr;1;1;1;Philippe Juvin;ep-10-12-15-016
nonnatives;NN_Germany;Johannes Hahn;False;1636;de;9;12;227;Johannes Hahn;ep-10-12-13-021, ep-10-12-13-022, ep-11-01-18-015, ep-11-03-10-003, ep-11-03-10-004, ep-11-03-10-005, ep-11-03-10-014-01, ep-11-03-10-014-02, ep-11-03-10-014-03
nonnatives;NN_Germany;Erika Mann;False;1898;de;7;8;79;Erika Mann | Erika Mann (PSE ). – | Erika Mann, | Mann, Erika (PSE);ep-03-06-02, ep-05-11-14, ep-06-03-14, ep-06-04-03, ep-06-06-01, ep-06-09-27, ep-07-02-01-004
nonnatives;NN_Germany;Franziska Katharina Brantner;False;96662;de;6;6;72;Franziska Katharina Brantner;ep-10-01-19-006, ep-10-02-10-008, ep-10-10-19-005, ep-10-10-20-010, ep-11-01-19-013, ep-11-02-03-004
nonnatives;NN_Germany;Alexander Alvaro;False;28246;de;4;4;51;Alexander Alvaro (ALDE ), | Alvaro (ALDE ). | Alvaro,;ep-05-01-13, ep-05-03-09, ep-05-04-11, ep-06-07-06
nonnatives;NN_Germany;von Habsburg;False;1265;de;8;8;25;von Habsburg;ep-96-04-17, ep-96-07-17, ep-97-09-19, ep-98-03-10, ep-98-03-11, ep-98-05-13, ep-98-06-17, ep-99-01-12
nonnatives;NN_Germany;Sven Giegold;False;96730;de;2;2;22;Sven Giegold;ep-09-09-16-004, ep-10-03-25-003
nonnatives;NN_Germany;Bangemann;False;933;de;4;5;21;Bangemann;ep-97-02-18, ep-98-09-14, ep-98-09-15, ep-99-02-12
nonnatives;NN_Germany;Tobias Pflüger;False;28249;de;3;3;21;Tobias Pflüger | Tobias Pflüger (GUE/NGL ),;ep-05-06-23, ep-05-12-15, ep-07-06-27-006
nonnatives;NN_Germany;Cem Özdemir;False;28235;de;2;2;20;Cem Özdemir (Verts/ALE ). | Cem Özdemir,;ep-05-05-10, ep-06-04-06
nonnatives;NN_Germany;Sabine Lösing;False;96854;de;3;3;15;Sabine Lösing;ep-09-11-24-005, ep-10-03-10-008, ep-10-10-21-008
nonnatives;NN_Germany;Öger;False;28230;de;1;1;14;Öger (PSE ).;ep-04-11-16
nonnatives;NN_Germany;Ilka Schröder;False;4296;de;2;2;12;Schröder, Ilka | Schröder, Ilka (GUE/NGL ),;ep-01-02-15, ep-04-03-09
nonnatives;NN_Germany;Goepel;False;1845;de;1;1;9;Goepel;ep-96-04-19
nonnatives;NN_Germany;Jürgen Schröder;False;1858;de;1;1;9;Jürgen Schröder (PPE-DE ),;ep-06-05-17
nonnatives;NN_Germany;Helmut Scholz;False;96646;de;1;1;8;Helmut Scholz;ep-09-11-11-023
nonnatives;NN_Germany;Jutta Haug;False;1914;de;1;1;8;Jutta Haug;ep-10-11-24-009
nonnatives;NN_Germany;Kerstin Westphal;False;96839;de;1;1;7;Kerstin Westphal;ep-10-06-15-008
nonnatives;NN_Germany;Randzio-Plath;False;1192;de;1;1;7;Randzio-Plath (PSE ),;ep-03-12-17
nonnatives;NN_Germany;Telkämper;False;1229;de;1;1;7;Telkämper;ep-96-04-16
nonnatives;NN_Germany;Peter Liese;False;1927;de;1;1;6;Peter Liese;ep-06-11-30-009
nonnatives;NN_Germany;Roth-Behrendt;False;1183;de;1;1;6;Roth-Behrendt;ep-02-01-16
nonnatives;NN_Germany;Gesine Meissner;False;96870;de;1;1;5;Gesine Meissner;ep-11-02-15-009
nonnatives;NN_Germany;Markov;False;4303;de;1;1;4;Markov (GUE/NGL ),;ep-05-05-10
nonnatives;NN_Germany;Helga Trüpel;False;28240;de;1;1;2;Helga Trüpel;ep-10-02-25-009
nonnatives;NN_Germany;Jan Philipp Albrecht;False;96736;de;1;1;2;Jan Philipp Albrecht;ep-10-05-05-013-53
nonnatives;NN_Germany;Pack;False;1191;de;1;2;2;Pack;ep-01-12-13
nonnatives;NN_Germany;Rothley;False;1247;de;2;2;2;Rothley;ep-97-07-15, ep-98-05-11
nonnatives;NN_Germany;Elisabeth Schroedter;False;1933;de;1;1;1;Elisabeth Schroedter;ep-09-11-24-013
nonnatives;NN_Germany;Gröner;False;1061;de;1;1;1;Gröner (PSE ).;ep-04-03-09
nonnatives;NN_Germany;Hartmut Nassauer;False;1920;de;1;1;1;Hartmut Nassauer;ep-08-11-18-011
nonnatives;NN_Germany;Jarzembowski;False;1;de;1;1;1;Jarzembowski;ep-01-01-17
nonnatives;NN_Germany;Sabine Wils;False;96741;de;1;1;1;Sabine Wils;ep-10-05-19-007
nonnatives;NN_Germany;Werner Langen;False;1928;de;1;1;1;Werner Langen;ep-10-03-25-003
nonnatives;NN_Germany;Wohlin;False;1935;de;1;1;1;Wohlin (IND/DEM ).;ep-04-10-28
nonnatives;NN_Germany;Wolfgang Kreissl-Dörfler;False;1935;de;1;1;1;Wolfgang Kreissl-Dörfler;ep-09-02-03-011
nonnatives;NN_Italy;Linda McAvan;False;28368;it;13;13;126;Linda McAvan | Linda McAvan (PSE ),;ep-05-09-07, ep-06-03-14, ep-06-05-16, ep-06-11-14-007, ep-06-11-14-012, ep-07-03-12-022, ep-07-06-18-015, ep-07-07-09-016, ep-08-03-10-021, ep-09-04-02-006, ep-10-01-19-004, ep-10-03-08-015, ep-11-06-07-006
nonnatives;NN_Italy;Manisco;False;2074;it;15;16;124;Manisco | Manisco (GUE/NGL).;ep-01-05-02, ep-01-07-05, ep-02-09-04, ep-02-09-25, ep-03-01-29, ep-96-12-10, ep-97-07-17, ep-97-11-19, ep-97-11-20, ep-98-01-13, ep-98-02-18, ep-98-05-14, ep-99-02-11, ep-99-09-15, ep-99-10-07
nonnatives;NN_Italy;Bonino;False;1566;it;6;21;113;Bonino;ep-96-10-22, ep-97-06-10, ep-97-07-15, ep-98-03-31, ep-98-07-14, ep-99-01-12
nonnatives;NN_Italy;Pino Arlacchi;False;97228;it;5;11;66;Pino Arlacchi;ep-09-12-16-009, ep-10-12-15-016, ep-11-03-09-011, ep-11-04-07-007, ep-11-06-08-007
nonnatives;NN_Italy;Frassoni;False;4254;it;5;5;48;Frassoni | Frassoni (Verts/ALE ).;ep-01-06-12, ep-01-09-05, ep-04-03-09, ep-04-03-31, ep-04-05-04
nonnatives;NN_Italy;Jas Gawronski;False;1113;it;4;4;25;Gawronski (PPE-DE ). | Gawronski (PPE-DE). | Jas Gawronski | Jas Gawronski (PPE-DE ). –;ep-02-11-06, ep-03-11-05, ep-06-07-06, ep-09-02-19-010
nonnatives;NN_Italy;Antonio Tajani;False;2187;it;1;1;14;Antonio Tajani;ep-11-05-10-019
nonnatives;NN_Italy;La Malfa;False;1010;it;1;1;11;La Malfa;ep-99-04-14
nonnatives;NN_Italy;Lilli Gruber;False;28368;it;1;1;11;Lilli Gruber (PSE ). –;ep-06-02-15
nonnatives;NN_Italy;Raffaele Baldassarre;False;96757;it;1;1;6;Raffaele Baldassarre;ep-10-04-19-016
nonnatives;NN_Italy;Fatuzzo;False;4413;it;1;1;3;Fatuzzo;ep-01-11-14
nonnatives;NN_Italy;Paolo Costa;False;4747;it;1;1;3;Costa, Paolo;ep-01-01-18
nonnatives;NN_Italy;Roberto Gualtieri;False;96892;it;1;1;2;Roberto Gualtieri;ep-11-05-11-005-21
nonnatives;NN_Italy;Chiesa;False;28973;it;1;1;1;Chiesa (ALDE ).;ep-04-10-14
nonnatives;NN_Italy;Prodi;False;28370;it;1;1;1;Prodi (ALDE ).;ep-05-03-10
nonnatives;NN_Spain;Raül Romeva i Rueda;False;28409;es;50;336;934;Raül Romeva i Rueda | Raül Romeva i Rueda (Verts/ALE ). – | Raül Romeva i Rueda,;ep-06-07-06, ep-06-09-28, ep-09-03-12-014-02, ep-09-11-25-013, ep-10-02-25-009, ep-10-03-09-007, ep-10-03-10-008, ep-10-03-25-011, ep-10-05-05-014, ep-10-05-06-012, ep-10-05-18-009, ep-10-05-19-007, ep-10-05-20-012-03, ep-10-06-15-008, ep-10-07-08-008, ep-10-10-07-013, ep-10-10-19-009, ep-10-10-20-007, ep-10-10-21-008, ep-10-11-11-009, ep-10-11-23-009, ep-10-11-24-009, ep-10-11-25-009, ep-10-12-14-010, ep-10-12-15-010, ep-10-12-16-007, ep-10-12-16-010-02, ep-11-01-18-008, ep-11-01-19-007, ep-11-01-20-008, ep-11-01-20-011-03, ep-11-02-03-009, ep-11-02-15-009, ep-11-02-16-007, ep-11-03-07-018, ep-11-03-08-010, ep-11-03-09-011, ep-11-03-10-010, ep-11-03-24-007, ep-11-04-05-005, ep-11-04-06-009, ep-11-04-07-007, ep-11-04-07-010-02, ep-11-05-10-012, ep-11-05-11-006, ep-11-05-12-013, ep-11-05-12-016-03, ep-11-06-07-009, ep-11-06-08-007, ep-11-06-09-009
nonnatives;NN_Spain;Gorostiaga Atxalandabaso;False;4379;es;73;88;494;Gorostiaga Atxalandabaso | Gorostiaga Atxalandabaso (NI ), | Gorostiaga Atxalandabaso (NI ). | Gorostiaga Atxalandabaso (NI) | Gorostiaga Atxalandabaso (NI).;ep-00-01-19, ep-00-02-17, ep-00-03-01, ep-00-03-16, ep-00-04-13, ep-00-05-03, ep-00-05-17, ep-00-09-04, ep-00-09-05, ep-00-09-06, ep-00-09-21, ep-01-01-18, ep-01-01-31, ep-01-02-13, ep-01-02-14, ep-01-02-28, ep-01-03-12, ep-01-05-03, ep-01-05-14, ep-01-05-30, ep-01-05-31, ep-01-06-13, ep-01-09-03, ep-01-09-05, ep-01-09-19, ep-01-10-02, ep-01-10-25, ep-01-11-29, ep-01-12-17, ep-02-01-16, ep-02-02-06, ep-02-02-27, ep-02-02-28, ep-02-03-11, ep-02-03-20, ep-02-04-09, ep-02-05-15, ep-02-05-29, ep-02-05-30, ep-02-06-10, ep-02-06-11, ep-02-06-12, ep-02-07-02, ep-02-09-02, ep-02-09-24, ep-02-09-26, ep-02-11-18, ep-02-12-18, ep-03-01-13, ep-03-02-10, ep-03-03-13, ep-03-05-12, ep-03-06-02, ep-03-06-03, ep-03-06-18, ep-03-09-01, ep-03-09-03, ep-03-09-24, ep-03-09-25, ep-03-10-20, ep-03-11-06, ep-03-12-15, ep-04-01-12, ep-04-01-29, ep-04-03-08, ep-04-03-31, ep-04-04-20, ep-04-05-05, ep-99-10-06, ep-99-10-27, ep-99-12-01, ep-99-12-02, ep-99-12-14
nonnatives;NN_Spain;Bernat Joan i Marí;False;28412;es;18;18;149;Bernat Joan i Marí | Bernat Joan i Marí (Verts/ALE ). | Bernat Joan i Marí (Verts/ALE ). – | Bernat Joan i Marí, | Joan i Marí (Verts/ALE ).;ep-04-10-26, ep-05-01-11, ep-05-03-09, ep-05-06-22, ep-05-09-28, ep-05-10-12, ep-05-10-24, ep-05-11-14, ep-05-12-12, ep-06-02-14, ep-06-02-15, ep-06-03-15, ep-06-04-04, ep-06-04-26, ep-06-05-31, ep-06-06-14, ep-06-09-07, ep-06-11-14-019
nonnatives;NN_Spain;Ignasi Guardans Cambó;False;28411;es;10;10;93;Guardans Cambó (ALDE ). | Ignasi Guardans Cambó | Ignasi Guardans Cambó (ALDE ). – | Ignasi Guardans Cambó,;ep-04-10-13, ep-04-10-26, ep-04-12-13, ep-04-12-14, ep-05-01-11, ep-05-10-13, ep-06-02-01, ep-06-05-31, ep-07-03-14-015, ep-09-03-24-004-17
nonnatives;NN_Spain;Alejo Vidal-Quadras;False;4308;es;2;2;32;Alejo Vidal-Quadras;ep-09-04-21-017, ep-09-04-24-005-03
nonnatives;NN_Spain;Ramon Tremosa i Balcells;False;97203;es;2;2;17;Ramon Tremosa i Balcells;ep-11-04-07-005, ep-11-06-07-009
nonnatives;NN_Spain;Barón Crespo;False;1352;es;3;3;13;Barón Crespo | Barón Crespo (PSE ). | Barón Crespo (PSE).;ep-02-09-04, ep-04-01-28, ep-99-12-01
nonnatives;NN_Spain;Vallvé;False;1976;es;3;3;13;Vallvé (ELDR ). | Vallvé (ELDR).;ep-03-09-22, ep-03-12-15, ep-04-01-12
nonnatives;NN_Spain;Willy Meyer;False;28407;es;2;2;9;Willy Meyer;ep-09-11-24-005, ep-10-07-08-008
nonnatives;NN_Spain;Colom i Naval;False;1349;es;1;1;2;Colom i Naval (PSE ).;ep-04-02-10
nonnatives;NN_Spain;Gasòliba i Böhm;False;1344;es;1;1;2;Gasòliba i Böhm;ep-98-05-28
nonnatives;NN_Spain;Martínez Martínez;False;4346;es;1;1;2;Martínez Martínez (PSE).;ep-02-05-16
nonnatives;NN_Spain;Sergio Gutiérrez Prieto;False;103488;es;1;1;1;Sergio Gutiérrez Prieto;ep-10-10-18-017
